closed_time,source,position_id,symbol,trade_mode,entry_time,exit_time,holding_minutes,quantity,entry_price,exit_price,stop_loss,take_profit,is_win,outcome,gross_pnl,net_pnl,return_pct,mae,mfe,mae_pct,mfe_pct,setup_score,setup_confidence,setup_risk_reward,entry_order_id,exit_order_id,entry_reason,exit_reason,raw_signal_summary,block_reason
2026-05-13 09:12:05,auto-stop,PAPER_20260513_090612_000007,2301.TW,SWING_TRADE,2026-05-13 09:06:12,2026-05-13 09:12:05,5,258,219.000000,214.500000,214.620000,227.760000,false,LOSS,-1161.000000,-1320.376275,-2.054795,-1161.000000,0.000000,-2.054795,0.000000,0.411999,0.411999,2.000000,PAPER_20260513_090612_000007,PAPER_20260513_091205_000028,多頭分數0.412 >= 閾值0.180,停損觸發：最新價 214.50 <= 停損 214.62,SignalRSI:LONG 41% - RSI超賣 29.2 <= 42.0,
2026-05-13 09:13:05,auto-stop,PAPER_20260513_090612_000001,2464.TW,SWING_TRADE,2026-05-13 09:06:12,2026-05-13 09:13:05,6,1327,113.000000,110.500000,110.740000,117.520000,false,LOSS,-3317.500000,-3740.132913,-2.212389,-3317.500000,0.000000,-2.212389,0.000000,0.900000,0.900000,2.000000,PAPER_20260513_090612_000001,PAPER_20260513_091305_000030,多頭分數0.900 >= 閾值0.180,停損觸發：最新價 110.50 <= 停損 110.74,SignalRSI:LONG 90% - RSI超賣 0.0 <= 42.0,
2026-05-13 09:16:15,auto-stop,PAPER_20260513_090612_000002,3035.TW,SWING_TRADE,2026-05-13 09:06:12,2026-05-13 09:16:15,10,634,201.000000,196.500000,196.980000,209.040000,false,LOSS,-2853.000000,-3212.121375,-2.238806,-2853.000000,0.000000,-2.238806,0.000000,0.833608,0.833608,2.000000,PAPER_20260513_090612_000002,PAPER_20260513_091615_000035,多頭分數0.834 >= 閾值0.180,停損觸發：最新價 196.50 <= 停損 196.98,SignalRSI:LONG 83% - RSI超賣 40.3 <= 42.0,
2026-05-13 09:27:15,auto-stop,PAPER_20260513_090812_000019,2481.TW,SWING_TRADE,2026-05-13 09:08:12,2026-05-13 09:27:15,19,68,117.000000,114.000000,114.660000,121.680000,false,LOSS,-204.000000,-226.383900,-2.564103,-204.000000,204.000000,-2.564103,2.564103,0.885441,0.885441,2.000000,PAPER_20260513_090812_000019,PAPER_20260513_092715_000040,多頭分數0.885 >= 閾值0.180,停損觸發：最新價 114.00 <= 停損 114.66,SignalRSI:LONG 89% - RSI超賣 41.6 <= 42.0,
2026-05-13 09:27:15,auto-stop,PAPER_20260513_091308_000031,1711.TW,SWING_TRADE,2026-05-13 09:13:08,2026-05-13 09:27:15,14,576,53.100000,51.900000,52.038000,55.224000,false,LOSS,-691.200000,-777.384000,-2.259887,-691.200000,230.400000,-2.259887,0.753296,0.787990,0.787990,2.000000,PAPER_20260513_091308_000031,PAPER_20260513_092715_000041,多頭分數0.788 >= 閾值0.180,停損觸發：最新價 51.90 <= 停損 52.04,SignalRSI:LONG 79% - RSI超賣 39.1 <= 42.0,
2026-05-13 09:27:15,auto-stop,PAPER_20260513_091812_000036,2313.TW,SWING_TRADE,2026-05-13 09:18:12,2026-05-13 09:27:15,9,140,247.500000,241.000000,242.550000,257.400000,false,LOSS,-910.000000,-1007.455750,-2.626263,-910.000000,210.000000,-2.626263,0.606061,0.358360,0.358360,2.000000,PAPER_20260513_091812_000036,PAPER_20260513_092715_000042,多頭分數0.358 >= 閾值0.180,停損觸發：最新價 241.00 <= 停損 242.55,SignalRSI:LONG 36% - RSI超賣 14.2 <= 42.0,
2026-05-13 09:41:05,auto-stop,PAPER_20260513_091012_000027,8088.TW,SWING_TRADE,2026-05-13 09:10:12,2026-05-13 09:41:05,30,43,51.600000,53.900000,50.568000,53.664000,true,WIN,98.900000,92.435487,4.457364,-4.300000,98.900000,-0.193798,4.457364,0.579019,0.579019,2.000000,PAPER_20260513_091012_000027,PAPER_20260513_094105_000046,多頭分數0.579 >= 閾值0.180,停利觸發：最新價 53.90 >= 停利 53.66,SignalRSI:LONG 58% - RSI超賣 33.6 <= 42.0,
2026-05-13 09:44:43,auto-stop,PAPER_20260513_092820_000044,1711.TW,SWING_TRADE,2026-05-13 09:28:20,2026-05-13 09:44:43,16,468,52.200000,54.400000,51.156000,54.288000,true,WIN,1029.600000,958.508460,4.214559,-140.400000,1216.800000,-0.574713,4.980843,0.620746,0.620746,2.000000,PAPER_20260513_092820_000044,PAPER_20260513_094443_000048,多頭分數0.621 >= 閾值0.180,停利觸發：最新價 54.40 >= 停利 54.29,"SignalRSI:LONG 62% - RSI超賣 34.7 <= 42.0 | MovingAverageTrend:SHORT 37% - EMA trend down: fast 52.33 < slow 52.70, close 52.20 <= fast",
2026-05-13 09:47:05,auto-stop,PAPER_20260513_090708_000016,2367.TW,SWING_TRADE,2026-05-13 09:07:08,2026-05-13 09:47:05,39,207,63.000000,61.600000,61.740000,65.520000,false,LOSS,-289.800000,-326.553885,-2.222222,-289.800000,144.900000,-2.222222,1.111111,0.387658,0.387658,2.000000,PAPER_20260513_090708_000016,PAPER_20260513_094705_000050,多頭分數0.388 >= 閾值0.180,停損觸發：最新價 61.60 <= 停損 61.74,SignalRSI:LONG 39% - RSI超賣 28.6 <= 42.0,
2026-05-13 09:50:05,auto-stop,PAPER_20260513_091508_000034,2472.TW,SWING_TRADE,2026-05-13 09:15:08,2026-05-13 09:50:05,34,84,223.000000,232.000000,218.540000,231.920000,true,WIN,756.000000,701.536500,4.035874,-294.000000,756.000000,-1.569507,4.035874,0.345674,0.345674,2.000000,PAPER_20260513_091508_000034,PAPER_20260513_095005_000052,多頭分數0.346 >= 閾值0.180,停利觸發：最新價 232.00 >= 停利 231.92,SignalRSI:LONG 35% - RSI超賣 27.4 <= 42.0,
2026-05-13 10:11:15,auto-stop,PAPER_20260513_095124_000053,2472.TW,SWING_TRADE,2026-05-13 09:51:24,2026-05-13 10:11:15,19,78,233.500000,228.500000,228.830000,242.840000,false,LOSS,-390.000000,-441.351300,-2.141328,-390.000000,39.000000,-2.141328,0.214133,0.934478,0.934478,2.000000,PAPER_20260513_095124_000053,PAPER_20260513_101115_000054,多頭分數0.934 >= 閾值0.180,停損觸發：最新價 228.50 <= 停損 228.83,"SignalRSI:SHORT 53% - RSI超買 91.2 >= 62.0 | VolumeBreakout:LONG 64% - Breakout 233.50 > high 232.00 with volume 3.05x >= 1.60x | MovingAverageTrend:LONG 53% - EMA trend up: fast 230.99 > slow 227.66, close 233.50 >= fast",
2026-05-13 10:52:05,auto-stop,PAPER_20260513_090708_000014,3090.TW,SWING_TRADE,2026-05-13 09:07:08,2026-05-13 10:52:05,104,154,117.000000,122.000000,114.660000,121.680000,true,WIN,770.000000,717.551450,4.273504,-231.000000,770.000000,-1.282051,4.273504,0.576269,0.576269,2.000000,PAPER_20260513_090708_000014,PAPER_20260513_105205_000056,多頭分數0.576 >= 閾值0.180,停利觸發：最新價 122.00 >= 停利 121.68,SignalRSI:LONG 58% - RSI超賣 33.5 <= 42.0,
2026-05-13 11:28:05,auto-stop,PAPER_20260513_090812_000021,2324.TW,SWING_TRADE,2026-05-13 09:08:12,2026-05-13 11:28:05,139,194,30.200000,31.450000,29.596000,31.408000,true,WIN,242.500000,225.456858,4.139073,-9.700000,242.500000,-0.165563,4.139073,0.466681,0.466681,2.000000,PAPER_20260513_090812_000021,PAPER_20260513_112805_000058,多頭分數0.467 >= 閾值0.180,停利觸發：最新價 31.45 >= 停利 31.41,SignalRSI:LONG 47% - RSI超賣 30.6 <= 42.0,
2026-05-13 11:32:05,auto-stop,PAPER_20260513_092812_000043,2481.TW,SWING_TRADE,2026-05-13 09:28:12,2026-05-13 11:32:05,123,250,115.000000,120.000000,112.700000,119.600000,true,WIN,1250.000000,1166.281250,4.347826,-500.000000,1250.000000,-1.739130,4.347826,0.897399,0.897399,2.000000,PAPER_20260513_092812_000043,PAPER_20260513_113205_000060,多頭分數0.897 >= 閾值0.180,停利觸發：最新價 120.00 >= 停利 119.60,"SignalRSI:LONG 90% - RSI超賣 41.9 <= 42.0 | MovingAverageTrend:SHORT 41% - EMA trend down: fast 115.05 < slow 116.17, close 115.00 <= fast",
2026-05-13 11:44:05,auto-stop,PAPER_20260513_090708_000015,8028.TW,SWING_TRADE,2026-05-13 09:07:08,2026-05-13 11:44:05,156,66,232.500000,242.500000,227.850000,241.800000,true,WIN,660.000000,615.326250,4.301075,-297.000000,660.000000,-1.935484,4.301075,0.451774,0.451774,2.000000,PAPER_20260513_090708_000015,PAPER_20260513_114405_000062,多頭分數0.452 >= 閾值0.180,停利觸發：最新價 242.50 >= 停利 241.80,SignalRSI:LONG 45% - RSI超賣 30.2 <= 42.0,
2026-05-13 11:56:05,auto-stop,PAPER_20260513_114532_000063,8028.TW,SWING_TRADE,2026-05-13 11:45:32,2026-05-13 11:56:05,10,74,243.000000,238.000000,238.140000,252.720000,false,LOSS,-370.000000,-420.721450,-2.057613,-370.000000,0.000000,-2.057613,0.000000,0.753468,0.753468,2.000000,PAPER_20260513_114532_000063,PAPER_20260513_115605_000064,多頭分數0.753 >= 閾值0.180,停損觸發：最新價 238.00 <= 停損 238.14,"SignalRSI:SHORT 66% - RSI超買 94.4 >= 62.0 | VolumeBreakout:LONG 49% - Breakout 243.00 > high 242.50 with volume 2.30x >= 1.60x | MovingAverageTrend:LONG 45% - EMA trend up: fast 241.52 > slow 238.89, close 243.00 >= fast",
2026-05-13 12:02:05,auto-stop,PAPER_20260513_094220_000047,8088.TW,SWING_TRADE,2026-05-13 09:42:20,2026-05-13 12:02:05,139,336,53.600000,55.900000,52.528000,55.744000,true,WIN,772.800000,720.371400,4.291045,-100.800000,772.800000,-0.559701,4.291045,0.435894,0.435894,2.000000,PAPER_20260513_094220_000047,PAPER_20260513_120205_000066,多頭分數0.436 >= 閾值0.180,停利觸發：最新價 55.90 >= 停利 55.74,"MovingAverageTrend:LONG 54% - EMA trend up: fast 53.19 > slow 52.33, close 53.60 >= fast | SignalRSI:SHORT 24% - RSI超買 77.6 >= 62.0",
2026-05-13 12:22:05,auto-stop,PAPER_20260513_092508_000038,2485.TW,SWING_TRADE,2026-05-13 09:25:08,2026-05-13 12:22:05,176,365,68.500000,67.100000,67.130000,71.240000,false,LOSS,-511.000000,-581.528950,-2.043796,-511.000000,401.500000,-2.043796,1.605839,0.874136,0.874136,2.000000,PAPER_20260513_092508_000038,PAPER_20260513_122205_000068,多頭分數0.874 >= 閾值0.180,停損觸發：最新價 67.10 <= 停損 67.13,SignalRSI:LONG 87% - RSI超賣 41.3 <= 42.0,
2026-05-13 12:24:05,auto-stop,PAPER_20260513_092844_000045,2313.TW,SWING_TRADE,2026-05-13 09:28:44,2026-05-13 12:24:05,175,85,242.500000,237.500000,237.650000,252.200000,false,LOSS,-425.000000,-483.140000,-2.061856,-425.000000,255.000000,-2.061856,1.237113,0.338340,0.338340,2.000000,PAPER_20260513_092844_000045,PAPER_20260513_122405_000070,多頭分數0.338 >= 閾值0.180,停損觸發：最新價 237.50 <= 停損 237.65,"MovingAverageTrend:SHORT 54% - EMA trend down: fast 243.39 < slow 247.72, close 242.50 <= fast | SignalRSI:LONG 34% - RSI超賣 27.3 <= 42.0",
2026-05-13 12:44:26,auto-stop,PAPER_20260513_090708_000009,4540.TW,SWING_TRADE,2026-05-13 09:07:08,2026-05-13 12:44:26,217,629,64.800000,67.900000,63.504000,67.392000,true,WIN,1949.900000,1830.957673,4.783951,-503.200000,1949.900000,-1.234568,4.783951,0.900000,0.900000,2.000000,PAPER_20260513_090708_000009,PAPER_20260513_124426_000072,多頭分數0.900 >= 閾值0.180,停利觸發：最新價 67.90 >= 停利 67.39,SignalRSI:LONG 90% - RSI超賣 0.0 <= 42.0,
2026-05-13 12:58:12,auto-stop,PAPER_20260513_091220_000029,2301.TW,SWING_TRADE,2026-05-13 09:12:20,2026-05-13 12:58:12,225,47,214.500000,224.000000,210.210000,223.080000,true,WIN,446.500000,417.131463,4.428904,-141.000000,446.500000,-1.398601,4.428904,0.237942,0.237942,2.000000,PAPER_20260513_091220_000029,PAPER_20260513_125812_000074,多頭分數0.238 >= 閾值0.180,停利觸發：最新價 224.00 >= 停利 223.08,SignalRSI:LONG 24% - RSI超賣 17.4 <= 42.0,
2026-05-13 13:17:05,auto-stop,PAPER_20260513_094620_000049,1711.TW,SWING_TRADE,2026-05-13 09:46:20,2026-05-13 13:17:05,210,366,52.300000,51.200000,51.254000,54.392000,false,LOSS,-402.600000,-456.580425,-2.103250,-402.600000,146.400000,-2.103250,0.764818,0.545872,0.545872,2.000000,PAPER_20260513_094620_000049,PAPER_20260513_131705_000076,多頭分數0.546 >= 閾值0.180,停損觸發：最新價 51.20 <= 停損 51.25,"SignalRSI:LONG 55% - RSI超賣 32.7 <= 42.0 | MovingAverageTrend:SHORT 30% - EMA trend down: fast 52.33 < slow 52.48, close 52.30 <= fast",
2026-05-13 13:21:05,auto-stop,PAPER_20260513_090708_000011,2344.TW,SWING_TRADE,2026-05-13 09:07:08,2026-05-13 13:21:05,253,254,116.000000,121.000000,113.680000,120.640000,true,WIN,1270.000000,1184.217850,4.310345,0.000000,1270.000000,0.000000,4.310345,0.744506,0.744506,2.000000,PAPER_20260513_090708_000011,PAPER_20260513_132105_000078,多頭分數0.745 >= 閾值0.180,停利觸發：最新價 121.00 >= 停利 120.64,SignalRSI:LONG 74% - RSI超賣 37.9 <= 42.0,
